{"stare_and_chase": false, "mjd": 0.0, "codmpc": "XXX", "codtdm": "XXX", "filter": "C", "frame_objects": [{"magnitude_error": 0.03830997427620701, "binning": 2, "shape_factor": 0.4703533326731444, "area": 30.740273292758502, "standard_r_magnitude": 12.508502383644554, "object_name": "54031 54031_1_AST1B_20231108203000_2", "ecs_coords": {"dec": -14.982446066956328, "ra": 341.5777036094482}, "snr": 150.2601565582426, "mjd": 60256.85566784623, "ast_unc": 13.602605936177643, "standard_r_magnitude_error": 0.2203061431646347, "intercept": 0.0, "frame_coords": {"x_min": 1085.2345310377868, "x": 1087.8219818262428, "y_max": 156.02385523391996, "x_max": 1090.9920114762103, "y_min": 146.6158453596455, "y": 150.8230792533671}, "brightness_error": 1111.8721602588407, "dec_err": 11.70049679480893, "rectangle_size": [6.1353232860565186, 19.18552589416504], "angle": 0.0, "intensity": 167070.08487324484, "background_flux": 1993.3151496895416, "longitude": 17.073269, "star": false, "ra_err": 6.9375257123560425, "magnitude": -13.057246733088355}, {"magnitude_error": 0.028207757656955487, "binning": 2, "shape_factor": 0.7686924135486343, "area": 30.829870213070535, "standard_r_magnitude": 12.579239990271944, "object_name": "54031 54031_1_AST1B_20231108203000_3_m", "ecs_coords": {"dec": -14.86266742035948, "ra": 341.6291245662037}, "snr": 204.0737446234292, "mjd": 60256.85582564601, "ast_unc": 16.59854811464954, "standard_r_magnitude_error": 0.21454191207885742, "intercept": 0.0, "frame_coords": {"x_min": 1087.0922006268079, "x": 1090.0744084513467, "y_max": 152.11938579552705, "x_max": 1093.163151693227, "y_min": 144.59334249799892, "y": 148.64733600261417}, "brightness_error": 909.0640122278126, "dec_err": 15.16380304511982, "rectangle_size": [6.130997460089475, 13.15565299987793], "angle": 0.0, "intensity": 185516.09707772854, "background_flux": 2216.7478064143097, "longitude": 17.073269, "star": false, "ra_err": 6.750620469493944, "magnitude": -13.170953997394204}, {"magnitude_error": 0.027652879810002043, "binning": 2, "shape_factor": 0.7526033604840379, "area": 31.649401234288234, "standard_r_magnitude": 12.126949429915722, "object_name": "54031 54031_1_AST1B_20231108203000_4_m", "ecs_coords": {"dec": -14.742067988719464, "ra": 341.6809217244409}, "snr": 208.16865266969415, "mjd": 60256.85598387528, "ast_unc": 17.41557623186856, "standard_r_magnitude_error": 0.20243851840496063, "intercept": 0.0, "frame_coords": {"x_min": 1089.4591361230862, "x": 1092.2266736419015, "y_max": 152.13906662715803, "x_max": 1095.6247945951166, "y_min": 144.73677067075607, "y": 148.633688188155}, "brightness_error": 911.3728919906347, "dec_err": 15.5739592976776, "rectangle_size": [6.1409056197853715, 15.577314376831055], "angle": 0.0, "intensity": 189719.2670053731, "background_flux": 2233.9400573466946, "longitude": 17.073269, "star": false, "ra_err": 7.794490828932098, "magnitude": -13.195278595134374}, {"magnitude_error": 0.026044561652619133, "binning": 2, "shape_factor": 0.8330935022016854, "area": 32.63496774295345, "standard_r_magnitude": 12.650937517758834, "object_name": "54031 54031_1_AST1B_20231108203000_5_m", "ecs_coords": {"dec": -14.619032182556003, "ra": 341.73239449720757}, "snr": 221.0235982952788, "mjd": 60256.856142191056, "ast_unc": 16.941734664361324, "standard_r_magnitude_error": 0.197657510638237, "intercept": 0.0, "frame_coords": {"x_min": 1092.124953378425, "x": 1094.6871453274193, "y_max": 151.17219182722707, "x_max": 1098.511693362135, "y_min": 143.82246398408813, "y": 147.4024026415308}, "brightness_error": 918.6541993475348, "dec_err": 15.488399292381056, "rectangle_size": [5.827714920043945, 17.06983757019043], "angle": 0.0, "intensity": 203044.2567288605, "background_flux": 2528.650867096012, "longitude": 17.073269, "star": false, "ra_err": 6.865264801694985, "magnitude": -13.268976774072158}, {"magnitude_error": 0.02695845881620204, "binning": 2, "shape_factor": 0.7333748645090518, "area": 34.17173575460038, "standard_r_magnitude": 12.112389202026687, "object_name": "54031 54031_1_AST1B_20231108203000_6_m", "ecs_coords": {"dec": -14.498350264199107, "ra": 341.78236496517013}, "snr": 213.53085396059353, "mjd": 60256.856299953426, "ast_unc": 14.938742152225394, "standard_r_magnitude_error": 0.20405161380767822, "intercept": 0.0, "frame_coords": {"x_min": 1093.5695539876033, "x": 1097.202939292556, "y_max": 150.09863721493664, "x_max": 1099.8582545156935, "y_min": 142.4448690500766, "y": 146.48200730356297}, "brightness_error": 914.4040452052334, "dec_err": 13.72904812889948, "rectangle_size": [5.838071584701538, 14.626399040222168], "angle": 0.0, "intensity": 195253.47663769466, "background_flux": 2274.001392307712, "longitude": 17.073269, "star": false, "ra_err": 5.8889094546475675, "magnitude": -13.226496938910143}, {"magnitude_error": 0.025918202715686213, "binning": 2, "shape_factor": 0.7584376680458432, "area": 34.07209033322579, "standard_r_magnitude": 12.130668725537795, "object_name": "54031 54031_1_AST1B_20231108203000_7_m", "ecs_coords": {"dec": -14.375430797271544, "ra": 341.8349641993509}, "snr": 222.1011539894002, "mjd": 60256.85645796799, "ast_unc": 15.599351170205855, "standard_r_magnitude_error": 0.18589232861995697, "intercept": 0.0, "frame_coords": {"x_min": 1095.9147504621656, "x": 1098.8662965548722, "y_max": 150.25613588981642, "x_max": 1102.2304494783423, "y_min": 142.34802702871062, "y": 145.68188614962548}, "brightness_error": 868.485806658089, "dec_err": 13.878378661145073, "rectangle_size": [5.366562843322754, 11.31370735168457], "angle": 0.0, "intensity": 192891.69988217668, "background_flux": 2159.835256823587, "longitude": 17.073269, "star": false, "ra_err": 7.122525020614241, "magnitude": -13.213283850953626}, {"magnitude_error": 0.035341948952823984, "binning": 2, "shape_factor": 0.8658262077002123, "area": 34.417447636587895, "standard_r_magnitude": 12.950899417614504, "object_name": "54031 54031_1_AST1B_20231108203000_8_m", "ecs_coords": {"dec": -14.255356944871966, "ra": 341.88489507389653}, "snr": 162.8790404334831, "mjd": 60256.8566150812, "ast_unc": 13.160922552380482, "standard_r_magnitude_error": 0.23612093925476074, "intercept": 0.0, "frame_coords": {"x_min": 1098.7439141012492, "x": 1102.3524371669935, "y_max": 149.03063669390323, "x_max": 1104.6689127211548, "y_min": 141.1753698248204, "y": 144.1626362596272}, "brightness_error": 988.5865804660938, "dec_err": 11.418268106062495, "rectangle_size": [5.383893013000488, 11.822104454040527], "angle": 0.0, "intensity": 161020.0336117357, "background_flux": 2275.634402991186, "longitude": 17.073269, "star": false, "ra_err": 6.544695247896053, "magnitude": -13.01719978240514}, {"magnitude_error": 0.021056795165492883, "binning": 2, "shape_factor": 0.7407349054337654, "area": 33.615259266021894, "standard_r_magnitude": 12.41634924965767, "object_name": "54031 54031_1_AST1B_20231108203000_9_m", "ecs_coords": {"dec": -14.133495108353554, "ra": 341.93683094712844}, "snr": 273.3779137443763, "mjd": 60256.85677313611, "ast_unc": 13.588344814854278, "standard_r_magnitude_error": 0.22709058225154877, "intercept": 0.0, "frame_coords": {"x_min": 1100.3232162971458, "x": 1104.1444359419024, "y_max": 148.89870486743266, "x_max": 1106.716741252923, "y_min": 140.8444801959588, "y": 145.17472574467283}, "brightness_error": 898.305505678201, "dec_err": 10.746644788996322, "rectangle_size": [5.800000190734863, 13.393258094787598], "angle": 0.0, "intensity": 245576.8850473936, "background_flux": 2297.097886018214, "longitude": 17.073269, "star": false, "ra_err": 8.315812683467282, "magnitude": -13.475468715936687}, {"magnitude_error": 0.0267721916609768, "binning": 2, "shape_factor": 0.7803999803359049, "area": 35.52653267997084, "standard_r_magnitude": 12.27249933709373, "object_name": "54031 54031_1_AST1B_20231108203000_10_m", "ecs_coords": {"dec": -14.01224792197775, "ra": 341.9889127911812}, "snr": 215.0164919398715, "mjd": 60256.85693088301, "ast_unc": 10.850657622440721,